id,first_name,last_name,email,city
1,Name1,Surname1,user1@example.com,Paris
2,Name2,Surname2,user2@example.com,Paris
3,Name3,Surname3,user3@example.com,Paris
4,Name4,Surname4,user4@example.com,Warsaw
5,Name5,Surname5,user5@example.com,Berlin
6,Name6,Surname6,user6@example.com,Berlin
7,Name7,Surname7,user7@example.com,Berlin
8,Name8,Surname8,user8@example.com,Madrid
9,Name9,Surname9,user9@example.com,Rome
10,Name10,Surname10,user10@example.com,Warsaw
11,Name11,Surname11,user11@example.com,Madrid
12,Name12,Surname12,user12@example.com,Madrid
13,Name13,Surname13,user13@example.com,Madrid
14,Name14,Surname14,user14@example.com,Madrid
15,Name15,Surname15,user15@example.com,London
16,Name16,Surname16,user16@example.com,Paris
17,Name17,Surname17,user17@example.com,Berlin
18,Name18,Surname18,user18@example.com,Madrid
19,Name19,Surname19,user19@example.com,Rome
20,Name20,Surname20,user20@example.com,Warsaw
21,Name21,Surname21,user21@example.com,Madrid
22,Name22,Surname22,user22@example.com,London
23,Name23,Surname23,user23@example.com,Paris
24,Name24,Surname24,user24@example.com,Paris
25,Name25,Surname25,user25@example.com,Berlin
26,Name26,Surname26,user26@example.com,London
27,Name27,Surname27,user27@example.com,Rome
28,Name28,Surname28,user28@example.com,Berlin
29,Name29,Surname29,user29@example.com,Madrid
30,Name30,Surname30,user30@example.com,Paris
31,Name31,Surname31,user31@example.com,Madrid
32,Name32,Surname32,user32@example.com,Warsaw
33,Name33,Surname33,user33@example.com,Rome
34,Name34,Surname34,user34@example.com,Madrid
35,Name35,Surname35,user35@example.com,Madrid
36,Name36,Surname36,user36@example.com,Warsaw
37,Name37,Surname37,user37@example.com,Madrid
38,Name38,Surname38,user38@example.com,Rome
39,Name39,Surname39,user39@example.com,Berlin
40,Name40,Surname40,user40@example.com,Berlin
41,Name41,Surname41,user41@example.com,Paris
42,Name42,Surname42,user42@example.com,Rome
43,Name43,Surname43,user43@example.com,London
44,Name44,Surname44,user44@example.com,Rome
45,Name45,Surname45,user45@example.com,Warsaw
46,Name46,Surname46,user46@example.com,Paris
47,Name47,Surname47,user47@example.com,Warsaw
48,Name48,Surname48,user48@example.com,Warsaw
49,Name49,Surname49,user49@example.com,Rome
50,Name50,Surname50,user50@example.com,Paris
